CREATE TABLE students (student_id INT, name CHAR, age INT, department_id INT);
CREATE TABLE departments (department_id INT, department_name CHAR, location CHAR);
CREATE TABLE courses (course_id INT, course_name CHAR, department_id INT, credits INT);
CREATE TABLE enrollments (enrollment_id INT, student_id INT, course_id INT, grade FLOAT);

INSERT INTO students VALUES (1, 'Alice', 20, 1);
INSERT INTO students VALUES (2, 'Bob', 22, 1);
INSERT INTO students VALUES (3, 'Charlie', 21, 2);
INSERT INTO students VALUES (4, 'David', 23, 2);
INSERT INTO students VALUES (5, 'Eva', 19, 3);
INSERT INTO students VALUES (6, 'Frank', 24, NULL);

INSERT INTO departments VALUES (1, 'Computer Science', 'Building A');
INSERT INTO departments VALUES (2, 'Mathematics', 'Building B');
INSERT INTO departments VALUES (3, 'Physics', 'Building C');
INSERT INTO departments VALUES (4, 'Chemistry', 'Building D');

INSERT INTO courses VALUES (101, 'Programming', 1, 3);
INSERT INTO courses VALUES (102, 'Data Structures', 1, 4);
INSERT INTO courses VALUES (201, 'Calculus', 2, 4);
INSERT INTO courses VALUES (202, 'Statistics', 2, 3);
INSERT INTO courses VALUES (301, 'Mechanics', 3, 4);

INSERT INTO enrollments VALUES (1, 1, 101, 3.5);
INSERT INTO enrollments VALUES (2, 1, 201, 3.8);
INSERT INTO enrollments VALUES (3, 2, 101, 3.2);
INSERT INTO enrollments VALUES (4, 2, 102, 3.9);
INSERT INTO enrollments VALUES (5, 3, 201, 3.5);
INSERT INTO enrollments VALUES (6, 4, 202, 3.7);
INSERT INTO enrollments VALUES (7, 5, 301, 3.6);



SELECT s.name, d.department_name FROM students s INNER JOIN departments d ON s.department_id = d.department_id;

SELECT s.student_id, s.name, s.age, d.department_id, d.department_name, d.location FROM students s INNER JOIN departments d ON s.department_id = d.department_id;

SELECT students.name, departments.department_name FROM students INNER JOIN departments ON students.department_id = departments.department_id;

SELECT s.name, c.course_name, e.grade FROM students s INNER JOIN enrollments e ON s.student_id = e.student_id INNER JOIN courses c ON e.course_id = c.course_id;


SELECT s.name, d.department_name, c.course_name, e.grade FROM students s INNER JOIN departments d ON s.department_id = d.department_id INNER JOIN enrollments e ON s.student_id = e.student_id INNER JOIN courses c ON e.course_id = c.course_id;

SELECT s.name, c.course_name FROM students s INNER JOIN courses c ON s.department_id = c.department_id;

SELECT s.name, d.department_name FROM students s INNER JOIN departments d ON d.department_id = s.department_id;

SELECT s.name, d.department_name FROM students s INNER JOIN departments d ON s.department_id = d.department_id WHERE s.age > 20;

SELECT s.name, d.department_name FROM students s INNER JOIN departments d ON s.department_id = d.department_id ORDER BY s.age DESC;

SELECT s.name, d.department_name FROM students s INNER JOIN departments d ON s.department_id = d.department_id WHERE s.age > 30;

SELECT s1.name as student1, s2.name as student2 FROM students s1 INNER JOIN students s2 ON s1.department_id = s2.department_id WHERE s1.student_id < s2.student_id;

SELECT * FROM students s INNER JOIN departments d ON s.department_id = d.department_id;

SELECT s.name, d.department_name FROM departments d INNER JOIN students s ON d.department_id = s.department_id;

SELECT s.department_id as student_dept, d.department_id as dept_id FROM students s INNER JOIN departments d ON s.department_id = d.department_id;

SELECT s.name, d.department_name, c.course_name FROM students s INNER JOIN departments d ON s.department_id = d.department_id INNER JOIN courses c ON d.department_id = c.department_id;

SELECT s1.name, s2.name FROM students s1 INNER JOIN students s2 ON s1.age > s2.age;

SELECT s.name, c.course_name FROM students s INNER JOIN courses c ON s.department_id = c.department_id AND s.age > c.credits * 5;
